Calendar Year,County,Delivery System,Total Abortion-Related Services,Annotation Code,Annotation Description,Date of Data
2014,Alameda,Fee-for-Service,1953,,,1/12/2022
2014,Alameda,Managed Care,2474,,,1/12/2022
2014,Alameda,Total,4427,,,1/12/2022
2014,Amador,Fee-for-Service,18,,,1/12/2022
2014,Amador,Managed Care,18,,,1/12/2022
2014,Amador,Total,36,,,1/12/2022
2014,Butte,Fee-for-Service,887,,,1/12/2022
2014,Butte,Managed Care,695,,,1/12/2022
2014,Butte,Total,1582,,,1/12/2022
2014,Calaveras,Fee-for-Service,,1,Cell suppressed for small numbers,1/12/2022
2014,Calaveras,Managed Care,,2,Cell suppressed for complementary cell,1/12/2022
2014,Calaveras,Total,42,,,1/12/2022
2014,Colusa,Fee-for-Service,,1,Cell suppressed for small numbers,1/12/2022
2014,Colusa,Managed Care,,2,Cell suppressed for complementary cell,1/12/2022
2014,Colusa,Total,20,,,1/12/2022
2014,Contra Costa,Fee-for-Service,4499,,,1/12/2022
2014,Contra Costa,Managed Care,1498,,,1/12/2022
2014,Contra Costa,Total,5997,,,1/12/2022
2014,Del Norte,Fee-for-Service,0,,,1/12/2022
2014,Del Norte,Managed Care,36,,,1/12/2022
2014,Del Norte,Total,36,,,1/12/2022
2014,El Dorado,Fee-for-Service,67,,,1/12/2022
2014,El Dorado,Managed Care,145,,,1/12/2022
2014,El Dorado,Total,212,,,1/12/2022
2014,Fresno,Fee-for-Service,3226,,,1/12/2022
2014,Fresno,Managed Care,1962,,,1/12/2022
2014,Fresno,Total,5188,,,1/12/2022
2014,Glenn,Fee-for-Service,12,,,1/12/2022
2014,Glenn,Managed Care,64,,,1/12/2022
2014,Glenn,Total,76,,,1/12/2022
2014,Humboldt,Fee-for-Service,377,,,1/12/2022
2014,Humboldt,Managed Care,317,,,1/12/2022
2014,Humboldt,Total,694,,,1/12/2022
2014,Imperial,Fee-for-Service,58,,,1/12/2022
2014,Imperial,Managed Care,208,,,1/12/2022
2014,Imperial,Total,266,,,1/12/2022
2014,Inyo,Fee-for-Service,,1,Cell suppressed for small numbers,1/12/2022
2014,Inyo,Managed Care,,1,Cell suppressed for small numbers,1/12/2022
2014,Inyo,Total,12,,,1/12/2022
2014,Kern,Fee-for-Service,2017,,,1/12/2022
2014,Kern,Managed Care,1866,,,1/12/2022
2014,Kern,Total,3883,,,1/12/2022
2014,Kings,Fee-for-Service,60,,,1/12/2022
2014,Kings,Managed Care,127,,,1/12/2022
2014,Kings,Total,187,,,1/12/2022
2014,Lake,Fee-for-Service,26,,,1/12/2022
2014,Lake,Managed Care,175,,,1/12/2022
2014,Lake,Total,201,,,1/12/2022
2014,Lassen,Fee-for-Service,,1,Cell suppressed for small numbers,1/12/2022
2014,Lassen,Managed Care,,2,Cell suppressed for complementary cell,1/12/2022
2014,Lassen,Total,45,,,1/12/2022
2014,Los Angeles,Fee-for-Service,29787,,,1/12/2022
2014,Los Angeles,Managed Care,11980,,,1/12/2022
2014,Los Angeles,Total,41767,,,1/12/2022
2014,Madera,Fee-for-Service,203,,,1/12/2022
2014,Madera,Managed Care,159,,,1/12/2022
2014,Madera,Total,362,,,1/12/2022
2014,Marin,Fee-for-Service,659,,,1/12/2022
2014,Marin,Managed Care,188,,,1/12/2022
2014,Marin,Total,847,,,1/12/2022
2014,Mariposa,Fee-for-Service,,1,Cell suppressed for small numbers,1/12/2022
2014,Mariposa,Managed Care,,2,Cell suppressed for complementary cell,1/12/2022
2014,Mariposa,Total,17,,,1/12/2022
2014,Mendocino,Fee-for-Service,174,,,1/12/2022
2014,Mendocino,Managed Care,315,,,1/12/2022
2014,Mendocino,Total,489,,,1/12/2022
2014,Merced,Fee-for-Service,104,,,1/12/2022
2014,Merced,Managed Care,812,,,1/12/2022
2014,Merced,Total,916,,,1/12/2022
2014,Modoc,Fee-for-Service,,1,Cell suppressed for small numbers,1/12/2022
2014,Modoc,Managed Care,,1,Cell suppressed for small numbers,1/12/2022
2014,Modoc,Total,,1,Cell suppressed for small numbers,1/12/2022
2014,Mono,Fee-for-Service,,1,Cell suppressed for small numbers,1/12/2022
2014,Mono,Managed Care,,1,Cell suppressed for small numbers,1/12/2022
2014,Mono,Total,,1,Cell suppressed for small numbers,1/12/2022
2014,Monterey,Fee-for-Service,847,,,1/12/2022
2014,Monterey,Managed Care,1066,,,1/12/2022
2014,Monterey,Total,1913,,,1/12/2022
2014,Napa,Fee-for-Service,278,,,1/12/2022
2014,Napa,Managed Care,95,,,1/12/2022
2014,Napa,Total,373,,,1/12/2022
2014,Nevada,Fee-for-Service,54,,,1/12/2022
2014,Nevada,Managed Care,186,,,1/12/2022
2014,Nevada,Total,240,,,1/12/2022
2014,Orange,Fee-for-Service,6009,,,1/12/2022
2014,Orange,Managed Care,2055,,,1/12/2022
2014,Orange,Total,8064,,,1/12/2022
2014,Placer,Fee-for-Service,675,,,1/12/2022
2014,Placer,Managed Care,241,,,1/12/2022
2014,Placer,Total,916,,,1/12/2022
2014,Plumas,Fee-for-Service,,1,Cell suppressed for small numbers,1/12/2022
2014,Plumas,Managed Care,,2,Cell suppressed for complementary cell,1/12/2022
2014,Plumas,Total,36,,,1/12/2022
2014,Riverside,Fee-for-Service,3284,,,1/12/2022
2014,Riverside,Managed Care,2239,,,1/12/2022
2014,Riverside,Total,5523,,,1/12/2022
2014,Sacramento,Fee-for-Service,3202,,,1/12/2022
2014,Sacramento,Managed Care,3504,,,1/12/2022
2014,Sacramento,Total,6706,,,1/12/2022
2014,San Benito,Fee-for-Service,121,,,1/12/2022
2014,San Benito,Managed Care,46,,,1/12/2022
2014,San Benito,Total,167,,,1/12/2022
2014,San Bernardino,Fee-for-Service,5676,,,1/12/2022
2014,San Bernardino,Managed Care,3116,,,1/12/2022
2014,San Bernardino,Total,8792,,,1/12/2022
2014,San Diego,Fee-for-Service,4542,,,1/12/2022
2014,San Diego,Managed Care,2420,,,1/12/2022
2014,San Diego,Total,6962,,,1/12/2022
2014,San Francisco,Fee-for-Service,2063,,,1/12/2022
2014,San Francisco,Managed Care,1093,,,1/12/2022
2014,San Francisco,Total,3156,,,1/12/2022
2014,San Joaquin,Fee-for-Service,1652,,,1/12/2022
2014,San Joaquin,Managed Care,2558,,,1/12/2022
2014,San Joaquin,Total,4210,,,1/12/2022
2014,San Luis Obispo,Fee-for-Service,285,,,1/12/2022
2014,San Luis Obispo,Managed Care,153,,,1/12/2022
2014,San Luis Obispo,Total,438,,,1/12/2022
2014,San Mateo,Fee-for-Service,588,,,1/12/2022
2014,San Mateo,Managed Care,699,,,1/12/2022
2014,San Mateo,Total,1287,,,1/12/2022
2014,Santa Barbara,Fee-for-Service,616,,,1/12/2022
2014,Santa Barbara,Managed Care,176,,,1/12/2022
2014,Santa Barbara,Total,792,,,1/12/2022
2014,Santa Clara,Fee-for-Service,3257,,,1/12/2022
2014,Santa Clara,Managed Care,944,,,1/12/2022
2014,Santa Clara,Total,4201,,,1/12/2022
2014,Santa Cruz,Fee-for-Service,681,,,1/12/2022
2014,Santa Cruz,Managed Care,455,,,1/12/2022
2014,Santa Cruz,Total,1136,,,1/12/2022
2014,Shasta,Fee-for-Service,319,,,1/12/2022
2014,Shasta,Managed Care,670,,,1/12/2022
2014,Shasta,Total,989,,,1/12/2022
2014,Sierra,Fee-for-Service,,1,Cell suppressed for small numbers,1/12/2022
2014,Sierra,Managed Care,0,,,1/12/2022
2014,Sierra,Total,,1,Cell suppressed for small numbers,1/12/2022
2014,Siskiyou,Fee-for-Service,20,,,1/12/2022
2014,Siskiyou,Managed Care,106,,,1/12/2022
2014,Siskiyou,Total,126,,,1/12/2022
2014,Solano,Fee-for-Service,1358,,,1/12/2022
2014,Solano,Managed Care,994,,,1/12/2022
2014,Solano,Total,2352,,,1/12/2022
2014,Sonoma,Fee-for-Service,905,,,1/12/2022
2014,Sonoma,Managed Care,702,,,1/12/2022
2014,Sonoma,Total,1607,,,1/12/2022
2014,Stanislaus,Fee-for-Service,1736,,,1/12/2022
2014,Stanislaus,Managed Care,1000,,,1/12/2022
2014,Stanislaus,Total,2736,,,1/12/2022
2014,Sutter,Fee-for-Service,311,,,1/12/2022
2014,Sutter,Managed Care,134,,,1/12/2022
2014,Sutter,Total,445,,,1/12/2022
2014,Tehama,Fee-for-Service,58,,,1/12/2022
2014,Tehama,Managed Care,222,,,1/12/2022
2014,Tehama,Total,280,,,1/12/2022
2014,Trinity,Fee-for-Service,,1,Cell suppressed for small numbers,1/12/2022
2014,Trinity,Managed Care,,2,Cell suppressed for complementary cell,1/12/2022
2014,Trinity,Total,47,,,1/12/2022
2014,Tulare,Fee-for-Service,295,,,1/12/2022
2014,Tulare,Managed Care,527,,,1/12/2022
2014,Tulare,Total,822,,,1/12/2022
2014,Tuolumne,Fee-for-Service,11,,,1/12/2022
2014,Tuolumne,Managed Care,51,,,1/12/2022
2014,Tuolumne,Total,62,,,1/12/2022
2014,Unknown,Fee-for-Service,2,,,1/12/2022
2014,Unknown,Managed Care,3579,,,1/12/2022
2014,Unknown,Total,3581,,,1/12/2022
2014,Ventura,Fee-for-Service,870,,,1/12/2022
2014,Ventura,Managed Care,797,,,1/12/2022
2014,Ventura,Total,1667,,,1/12/2022
2014,Yolo,Fee-for-Service,108,,,1/12/2022
2014,Yolo,Managed Care,283,,,1/12/2022
2014,Yolo,Total,391,,,1/12/2022
2014,Yuba,Fee-for-Service,34,,,1/12/2022
2014,Yuba,Managed Care,113,,,1/12/2022
2014,Yuba,Total,147,,,1/12/2022
2015,Alameda,Fee-for-Service,1665,,,1/12/2022
2015,Alameda,Managed Care,2267,,,1/12/2022
2015,Alameda,Total,3932,,,1/12/2022
2015,Alpine,Fee-for-Service,0,,,1/12/2022
2015,Alpine,Managed Care,,1,Cell suppressed for small numbers,1/12/2022
2015,Alpine,Total,,1,Cell suppressed for small numbers,1/12/2022
2015,Amador,Fee-for-Service,,1,Cell suppressed for small numbers,1/12/2022
2015,Amador,Managed Care,,2,Cell suppressed for complementary cell,1/12/2022
2015,Amador,Total,24,,,1/12/2022
2015,Butte,Fee-for-Service,849,,,1/12/2022
2015,Butte,Managed Care,628,,,1/12/2022
2015,Butte,Total,1477,,,1/12/2022
2015,Calaveras,Fee-for-Service,16,,,1/12/2022
2015,Calaveras,Managed Care,79,,,1/12/2022
2015,Calaveras,Total,95,,,1/12/2022
2015,Colusa,Fee-for-Service,,1,Cell suppressed for small numbers,1/12/2022
2015,Colusa,Managed Care,,2,Cell suppressed for complementary cell,1/12/2022
2015,Colusa,Total,31,,,1/12/2022
2015,Contra Costa,Fee-for-Service,3800,,,1/12/2022
2015,Contra Costa,Managed Care,1138,,,1/12/2022
2015,Contra Costa,Total,4938,,,1/12/2022
2015,Del Norte,Fee-for-Service,,1,Cell suppressed for small numbers,1/12/2022
2015,Del Norte,Managed Care,,2,Cell suppressed for complementary cell,1/12/2022
2015,Del Norte,Total,82,,,1/12/2022
2015,El Dorado,Fee-for-Service,57,,,1/12/2022
2015,El Dorado,Managed Care,224,,,1/12/2022
2015,El Dorado,Total,281,,,1/12/2022
2015,Fresno,Fee-for-Service,2253,,,1/12/2022
2015,Fresno,Managed Care,2641,,,1/12/2022
2015,Fresno,Total,4894,,,1/12/2022
2015,Glenn,Fee-for-Service,22,,,1/12/2022
2015,Glenn,Managed Care,93,,,1/12/2022
2015,Glenn,Total,115,,,1/12/2022
2015,Humboldt,Fee-for-Service,292,,,1/12/2022
2015,Humboldt,Managed Care,756,,,1/12/2022
2015,Humboldt,Total,1048,,,1/12/2022
2015,Imperial,Fee-for-Service,82,,,1/12/2022
2015,Imperial,Managed Care,244,,,1/12/2022
2015,Imperial,Total,326,,,1/12/2022
2015,Inyo,Fee-for-Service,,1,Cell suppressed for small numbers,1/12/2022
2015,Inyo,Managed Care,,2,Cell suppressed for complementary cell,1/12/2022
2015,Inyo,Total,23,,,1/12/2022
2015,Kern,Fee-for-Service,1433,,,1/12/2022
2015,Kern,Managed Care,2810,,,1/12/2022
2015,Kern,Total,4243,,,1/12/2022
2015,Kings,Fee-for-Service,51,,,1/12/2022
2015,Kings,Managed Care,183,,,1/12/2022
2015,Kings,Total,234,,,1/12/2022
2015,Lake,Fee-for-Service,30,,,1/12/2022
2015,Lake,Managed Care,362,,,1/12/2022
2015,Lake,Total,392,,,1/12/2022
2015,Lassen,Fee-for-Service,,1,Cell suppressed for small numbers,1/12/2022
2015,Lassen,Managed Care,,2,Cell suppressed for complementary cell,1/12/2022
2015,Lassen,Total,98,,,1/12/2022
2015,Los Angeles,Fee-for-Service,25946,,,1/12/2022
2015,Los Angeles,Managed Care,11871,,,1/12/2022
2015,Los Angeles,Total,37817,,,1/12/2022
2015,Madera,Fee-for-Service,166,,,1/12/2022
2015,Madera,Managed Care,235,,,1/12/2022
2015,Madera,Total,401,,,1/12/2022
2015,Marin,Fee-for-Service,601,,,1/12/2022
2015,Marin,Managed Care,335,,,1/12/2022
2015,Marin,Total,936,,,1/12/2022
2015,Mariposa,Fee-for-Service,,1,Cell suppressed for small numbers,1/12/2022
2015,Mariposa,Managed Care,,2,Cell suppressed for complementary cell,1/12/2022
2015,Mariposa,Total,34,,,1/12/2022
2015,Mendocino,Fee-for-Service,169,,,1/12/2022
2015,Mendocino,Managed Care,506,,,1/12/2022
2015,Mendocino,Total,675,,,1/12/2022
2015,Merced,Fee-for-Service,93,,,1/12/2022
2015,Merced,Managed Care,568,,,1/12/2022
2015,Merced,Total,661,,,1/12/2022
2015,Modoc,Fee-for-Service,,1,Cell suppressed for small numbers,1/12/2022
2015,Modoc,Managed Care,,2,Cell suppressed for complementary cell,1/12/2022
2015,Modoc,Total,15,,,1/12/2022
2015,Mono,Fee-for-Service,,1,Cell suppressed for small numbers,1/12/2022
2015,Mono,Managed Care,,1,Cell suppressed for small numbers,1/12/2022
2015,Mono,Total,11,,,1/12/2022
2015,Monterey,Fee-for-Service,557,,,1/12/2022
2015,Monterey,Managed Care,605,,,1/12/2022
2015,Monterey,Total,1162,,,1/12/2022
2015,Napa,Fee-for-Service,185,,,1/12/2022
2015,Napa,Managed Care,221,,,1/12/2022
2015,Napa,Total,406,,,1/12/2022
2015,Nevada,Fee-for-Service,22,,,1/12/2022
2015,Nevada,Managed Care,210,,,1/12/2022
2015,Nevada,Total,232,,,1/12/2022
2015,Orange,Fee-for-Service,4034,,,1/12/2022
2015,Orange,Managed Care,2808,,,1/12/2022
2015,Orange,Total,6842,,,1/12/2022
2015,Placer,Fee-for-Service,426,,,1/12/2022
2015,Placer,Managed Care,363,,,1/12/2022
2015,Placer,Total,789,,,1/12/2022
2015,Plumas,Fee-for-Service,,1,Cell suppressed for small numbers,1/12/2022
2015,Plumas,Managed Care,,2,Cell suppressed for complementary cell,1/12/2022
2015,Plumas,Total,43,,,1/12/2022
2015,Riverside,Fee-for-Service,3013,,,1/12/2022
2015,Riverside,Managed Care,2649,,,1/12/2022
2015,Riverside,Total,5662,,,1/12/2022
2015,Sacramento,Fee-for-Service,2975,,,1/12/2022
2015,Sacramento,Managed Care,3269,,,1/12/2022
2015,Sacramento,Total,6244,,,1/12/2022
2015,San Benito,Fee-for-Service,59,,,1/12/2022
2015,San Benito,Managed Care,53,,,1/12/2022
2015,San Benito,Total,112,,,1/12/2022
2015,San Bernardino,Fee-for-Service,5119,,,1/12/2022
2015,San Bernardino,Managed Care,3879,,,1/12/2022
2015,San Bernardino,Total,8998,,,1/12/2022
2015,San Diego,Fee-for-Service,3979,,,1/12/2022
2015,San Diego,Managed Care,3087,,,1/12/2022
2015,San Diego,Total,7066,,,1/12/2022
2015,San Francisco,Fee-for-Service,2008,,,1/12/2022
2015,San Francisco,Managed Care,1283,,,1/12/2022
2015,San Francisco,Total,3291,,,1/12/2022
2015,San Joaquin,Fee-for-Service,1074,,,1/12/2022
2015,San Joaquin,Managed Care,2931,,,1/12/2022
2015,San Joaquin,Total,4005,,,1/12/2022
2015,San Luis Obispo,Fee-for-Service,224,,,1/12/2022
2015,San Luis Obispo,Managed Care,84,,,1/12/2022
2015,San Luis Obispo,Total,308,,,1/12/2022
2015,San Mateo,Fee-for-Service,775,,,1/12/2022
2015,San Mateo,Managed Care,1603,,,1/12/2022
2015,San Mateo,Total,2378,,,1/12/2022
2015,Santa Barbara,Fee-for-Service,537,,,1/12/2022
2015,Santa Barbara,Managed Care,165,,,1/12/2022
2015,Santa Barbara,Total,702,,,1/12/2022
2015,Santa Clara,Fee-for-Service,2513,,,1/12/2022
2015,Santa Clara,Managed Care,1171,,,1/12/2022
2015,Santa Clara,Total,3684,,,1/12/2022
2015,Santa Cruz,Fee-for-Service,503,,,1/12/2022
2015,Santa Cruz,Managed Care,287,,,1/12/2022
2015,Santa Cruz,Total,790,,,1/12/2022
2015,Shasta,Fee-for-Service,258,,,1/12/2022
2015,Shasta,Managed Care,1082,,,1/12/2022
2015,Shasta,Total,1340,,,1/12/2022
2015,Sierra,Fee-for-Service,,1,Cell suppressed for small numbers,1/12/2022
2015,Sierra,Managed Care,,1,Cell suppressed for small numbers,1/12/2022
2015,Sierra,Total,,1,Cell suppressed for small numbers,1/12/2022
2015,Siskiyou,Fee-for-Service,,1,Cell suppressed for small numbers,1/12/2022
2015,Siskiyou,Managed Care,,2,Cell suppressed for complementary cell,1/12/2022
2015,Siskiyou,Total,165,,,1/12/2022
2015,Solano,Fee-for-Service,1129,,,1/12/2022
2015,Solano,Managed Care,1513,,,1/12/2022
2015,Solano,Total,2642,,,1/12/2022
2015,Sonoma,Fee-for-Service,832,,,1/12/2022
2015,Sonoma,Managed Care,1120,,,1/12/2022
2015,Sonoma,Total,1952,,,1/12/2022
2015,Stanislaus,Fee-for-Service,1324,,,1/12/2022
2015,Stanislaus,Managed Care,1212,,,1/12/2022
2015,Stanislaus,Total,2536,,,1/12/2022
2015,Sutter,Fee-for-Service,197,,,1/12/2022
2015,Sutter,Managed Care,272,,,1/12/2022
2015,Sutter,Total,469,,,1/12/2022
2015,Tehama,Fee-for-Service,39,,,1/12/2022
2015,Tehama,Managed Care,185,,,1/12/2022
2015,Tehama,Total,224,,,1/12/2022
2015,Trinity,Fee-for-Service,0,,,1/12/2022
2015,Trinity,Managed Care,73,,,1/12/2022
2015,Trinity,Total,73,,,1/12/2022
2015,Tulare,Fee-for-Service,208,,,1/12/2022
2015,Tulare,Managed Care,377,,,1/12/2022
2015,Tulare,Total,585,,,1/12/2022
2015,Tuolumne,Fee-for-Service,13,,,1/12/2022
2015,Tuolumne,Managed Care,68,,,1/12/2022
2015,Tuolumne,Total,81,,,1/12/2022
2015,Unknown,Fee-for-Service,9,,,1/12/2022
2015,Unknown,Managed Care,9757,,,1/12/2022
2015,Unknown,Total,9766,,,1/12/2022
2015,Ventura,Fee-for-Service,835,,,1/12/2022
2015,Ventura,Managed Care,1078,,,1/12/2022
2015,Ventura,Total,1913,,,1/12/2022
2015,Yolo,Fee-for-Service,142,,,1/12/2022
2015,Yolo,Managed Care,529,,,1/12/2022
2015,Yolo,Total,671,,,1/12/2022
2015,Yuba,Fee-for-Service,35,,,1/12/2022
2015,Yuba,Managed Care,217,,,1/12/2022
2015,Yuba,Total,252,,,1/12/2022
2016,Alameda,Fee-for-Service,1666,,,1/12/2022
2016,Alameda,Managed Care,2664,,,1/12/2022
2016,Alameda,Total,4330,,,1/12/2022
2016,Amador,Fee-for-Service,21,,,1/12/2022
2016,Amador,Managed Care,59,,,1/12/2022
2016,Amador,Total,80,,,1/12/2022
2016,Butte,Fee-for-Service,725,,,1/12/2022
2016,Butte,Managed Care,789,,,1/12/2022
2016,Butte,Total,1514,,,1/12/2022
2016,Calaveras,Fee-for-Service,,1,Cell suppressed for small numbers,1/12/2022
2016,Calaveras,Managed Care,,2,Cell suppressed for complementary cell,1/12/2022
2016,Calaveras,Total,67,,,1/12/2022
2016,Colusa,Fee-for-Service,,1,Cell suppressed for small numbers,1/12/2022
2016,Colusa,Managed Care,,2,Cell suppressed for complementary cell,1/12/2022
2016,Colusa,Total,39,,,1/12/2022
2016,Contra Costa,Fee-for-Service,3368,,,1/12/2022
2016,Contra Costa,Managed Care,1642,,,1/12/2022
2016,Contra Costa,Total,5010,,,1/12/2022
2016,Del Norte,Fee-for-Service,0,,,1/12/2022
2016,Del Norte,Managed Care,47,,,1/12/2022
2016,Del Norte,Total,47,,,1/12/2022
2016,El Dorado,Fee-for-Service,33,,,1/12/2022
2016,El Dorado,Managed Care,279,,,1/12/2022
2016,El Dorado,Total,312,,,1/12/2022
2016,Fresno,Fee-for-Service,1773,,,1/12/2022
2016,Fresno,Managed Care,2142,,,1/12/2022
2016,Fresno,Total,3915,,,1/12/2022
2016,Glenn,Fee-for-Service,13,,,1/12/2022
2016,Glenn,Managed Care,86,,,1/12/2022
2016,Glenn,Total,99,,,1/12/2022
2016,Humboldt,Fee-for-Service,379,,,1/12/2022
2016,Humboldt,Managed Care,476,,,1/12/2022
2016,Humboldt,Total,855,,,1/12/2022
2016,Imperial,Fee-for-Service,173,,,1/12/2022
2016,Imperial,Managed Care,328,,,1/12/2022
2016,Imperial,Total,501,,,1/12/2022
2016,Inyo,Fee-for-Service,,1,Cell suppressed for small numbers,1/12/2022
2016,Inyo,Managed Care,,1,Cell suppressed for small numbers,1/12/2022
2016,Inyo,Total,13,,,1/12/2022
2016,Kern,Fee-for-Service,1024,,,1/12/2022
2016,Kern,Managed Care,1934,,,1/12/2022
2016,Kern,Total,2958,,,1/12/2022
2016,Kings,Fee-for-Service,28,,,1/12/2022
2016,Kings,Managed Care,137,,,1/12/2022
2016,Kings,Total,165,,,1/12/2022
2016,Lake,Fee-for-Service,31,,,1/12/2022
2016,Lake,Managed Care,169,,,1/12/2022
2016,Lake,Total,200,,,1/12/2022
2016,Lassen,Fee-for-Service,,1,Cell suppressed for small numbers,1/12/2022
2016,Lassen,Managed Care,,2,Cell suppressed for complementary cell,1/12/2022
2016,Lassen,Total,33,,,1/12/2022
2016,Los Angeles,Fee-for-Service,24844,,,1/12/2022
2016,Los Angeles,Managed Care,13391,,,1/12/2022
2016,Los Angeles,Total,38235,,,1/12/2022
2016,Madera,Fee-for-Service,184,,,1/12/2022
2016,Madera,Managed Care,224,,,1/12/2022
2016,Madera,Total,408,,,1/12/2022
2016,Marin,Fee-for-Service,558,,,1/12/2022
2016,Marin,Managed Care,220,,,1/12/2022
2016,Marin,Total,778,,,1/12/2022
2016,Mariposa,Fee-for-Service,,1,Cell suppressed for small numbers,1/12/2022
2016,Mariposa,Managed Care,,2,Cell suppressed for complementary cell,1/12/2022
2016,Mariposa,Total,35,,,1/12/2022
2016,Mendocino,Fee-for-Service,90,,,1/12/2022
2016,Mendocino,Managed Care,285,,,1/12/2022
2016,Mendocino,Total,375,,,1/12/2022
2016,Merced,Fee-for-Service,68,,,1/12/2022
2016,Merced,Managed Care,802,,,1/12/2022
2016,Merced,Total,870,,,1/12/2022
2016,Modoc,Fee-for-Service,,1,Cell suppressed for small numbers,1/12/2022
2016,Modoc,Managed Care,,1,Cell suppressed for small numbers,1/12/2022
2016,Modoc,Total,14,,,1/12/2022
2016,Mono,Fee-for-Service,,1,Cell suppressed for small numbers,1/12/2022
2016,Mono,Managed Care,,1,Cell suppressed for small numbers,1/12/2022
2016,Mono,Total,,1,Cell suppressed for small numbers,1/12/2022
2016,Monterey,Fee-for-Service,421,,,1/12/2022
2016,Monterey,Managed Care,756,,,1/12/2022
2016,Monterey,Total,1177,,,1/12/2022
2016,Napa,Fee-for-Service,216,,,1/12/2022
2016,Napa,Managed Care,133,,,1/12/2022
2016,Napa,Total,349,,,1/12/2022
2016,Nevada,Fee-for-Service,20,,,1/12/2022
2016,Nevada,Managed Care,183,,,1/12/2022
2016,Nevada,Total,203,,,1/12/2022
2016,Orange,Fee-for-Service,3768,,,1/12/2022
2016,Orange,Managed Care,3284,,,1/12/2022
2016,Orange,Total,7052,,,1/12/2022
2016,Placer,Fee-for-Service,349,,,1/12/2022
2016,Placer,Managed Care,304,,,1/12/2022
2016,Placer,Total,653,,,1/12/2022
2016,Plumas,Fee-for-Service,,1,Cell suppressed for small numbers,1/12/2022
2016,Plumas,Managed Care,,2,Cell suppressed for complementary cell,1/12/2022
2016,Plumas,Total,42,,,1/12/2022
2016,Riverside,Fee-for-Service,3499,,,1/12/2022
2016,Riverside,Managed Care,2782,,,1/12/2022
2016,Riverside,Total,6281,,,1/12/2022
2016,Sacramento,Fee-for-Service,2750,,,1/12/2022
2016,Sacramento,Managed Care,3751,,,1/12/2022
2016,Sacramento,Total,6501,,,1/12/2022
2016,San Benito,Fee-for-Service,60,,,1/12/2022
2016,San Benito,Managed Care,41,,,1/12/2022
2016,San Benito,Total,101,,,1/12/2022
2016,San Bernardino,Fee-for-Service,4237,,,1/12/2022
2016,San Bernardino,Managed Care,3975,,,1/12/2022
2016,San Bernardino,Total,8212,,,1/12/2022
2016,San Diego,Fee-for-Service,4951,,,1/12/2022
2016,San Diego,Managed Care,3074,,,1/12/2022
2016,San Diego,Total,8025,,,1/12/2022
2016,San Francisco,Fee-for-Service,1743,,,1/12/2022
2016,San Francisco,Managed Care,1232,,,1/12/2022
2016,San Francisco,Total,2975,,,1/12/2022
2016,San Joaquin,Fee-for-Service,819,,,1/12/2022
2016,San Joaquin,Managed Care,3703,,,1/12/2022
2016,San Joaquin,Total,4522,,,1/12/2022
2016,San Luis Obispo,Fee-for-Service,184,,,1/12/2022
2016,San Luis Obispo,Managed Care,21,,,1/12/2022
2016,San Luis Obispo,Total,205,,,1/12/2022
2016,San Mateo,Fee-for-Service,650,,,1/12/2022
2016,San Mateo,Managed Care,858,,,1/12/2022
2016,San Mateo,Total,1508,,,1/12/2022
2016,Santa Barbara,Fee-for-Service,502,,,1/12/2022
2016,Santa Barbara,Managed Care,53,,,1/12/2022
2016,Santa Barbara,Total,555,,,1/12/2022
2016,Santa Clara,Fee-for-Service,2070,,,1/12/2022
2016,Santa Clara,Managed Care,1209,,,1/12/2022
2016,Santa Clara,Total,3279,,,1/12/2022
2016,Santa Cruz,Fee-for-Service,407,,,1/12/2022
2016,Santa Cruz,Managed Care,391,,,1/12/2022
2016,Santa Cruz,Total,798,,,1/12/2022
2016,Shasta,Fee-for-Service,214,,,1/12/2022
2016,Shasta,Managed Care,559,,,1/12/2022
2016,Shasta,Total,773,,,1/12/2022
2016,Sierra,Fee-for-Service,,1,Cell suppressed for small numbers,1/12/2022
2016,Sierra,Managed Care,0,,,1/12/2022
2016,Sierra,Total,,1,Cell suppressed for small numbers,1/12/2022
2016,Siskiyou,Fee-for-Service,,1,Cell suppressed for small numbers,1/12/2022
2016,Siskiyou,Managed Care,,2,Cell suppressed for complementary cell,1/12/2022
2016,Siskiyou,Total,85,,,1/12/2022
2016,Solano,Fee-for-Service,1064,,,1/12/2022
2016,Solano,Managed Care,969,,,1/12/2022
2016,Solano,Total,2033,,,1/12/2022
2016,Sonoma,Fee-for-Service,753,,,1/12/2022
2016,Sonoma,Managed Care,529,,,1/12/2022
2016,Sonoma,Total,1282,,,1/12/2022
2016,Stanislaus,Fee-for-Service,1049,,,1/12/2022
2016,Stanislaus,Managed Care,1512,,,1/12/2022
2016,Stanislaus,Total,2561,,,1/12/2022
2016,Sutter,Fee-for-Service,138,,,1/12/2022
2016,Sutter,Managed Care,226,,,1/12/2022
2016,Sutter,Total,364,,,1/12/2022
2016,Tehama,Fee-for-Service,14,,,1/12/2022
2016,Tehama,Managed Care,229,,,1/12/2022
2016,Tehama,Total,243,,,1/12/2022
2016,Trinity,Fee-for-Service,0,,,1/12/2022
2016,Trinity,Managed Care,21,,,1/12/2022
2016,Trinity,Total,21,,,1/12/2022
2016,Tulare,Fee-for-Service,188,,,1/12/2022
2016,Tulare,Managed Care,435,,,1/12/2022
2016,Tulare,Total,623,,,1/12/2022
2016,Tuolumne,Fee-for-Service,13,,,1/12/2022
2016,Tuolumne,Managed Care,76,,,1/12/2022
2016,Tuolumne,Total,89,,,1/12/2022
2016,Unknown,Fee-for-Service,1,,,1/12/2022
2016,Unknown,Managed Care,1344,,,1/12/2022
2016,Unknown,Total,1345,,,1/12/2022
2016,Ventura,Fee-for-Service,734,,,1/12/2022
2016,Ventura,Managed Care,1104,,,1/12/2022
2016,Ventura,Total,1838,,,1/12/2022
2016,Yolo,Fee-for-Service,110,,,1/12/2022
2016,Yolo,Managed Care,301,,,1/12/2022
2016,Yolo,Total,411,,,1/12/2022
2016,Yuba,Fee-for-Service,28,,,1/12/2022
2016,Yuba,Managed Care,197,,,1/12/2022
2016,Yuba,Total,225,,,1/12/2022
2017,Alameda,Fee-for-Service,1797,,,1/12/2022
2017,Alameda,Managed Care,3073,,,1/12/2022
2017,Alameda,Total,4870,,,1/12/2022
2017,Amador,Fee-for-Service,14,,,1/12/2022
2017,Amador,Managed Care,59,,,1/12/2022
2017,Amador,Total,73,,,1/12/2022
2017,Butte,Fee-for-Service,606,,,1/12/2022
2017,Butte,Managed Care,775,,,1/12/2022
2017,Butte,Total,1381,,,1/12/2022
2017,Calaveras,Fee-for-Service,24,,,1/12/2022
2017,Calaveras,Managed Care,69,,,1/12/2022
2017,Calaveras,Total,93,,,1/12/2022
2017,Colusa,Fee-for-Service,11,,,1/12/2022
2017,Colusa,Managed Care,47,,,1/12/2022
2017,Colusa,Total,58,,,1/12/2022
2017,Contra Costa,Fee-for-Service,2586,,,1/12/2022
2017,Contra Costa,Managed Care,3773,,,1/12/2022
2017,Contra Costa,Total,6359,,,1/12/2022
2017,Del Norte,Fee-for-Service,14,,,1/12/2022
2017,Del Norte,Managed Care,42,,,1/12/2022
2017,Del Norte,Total,56,,,1/12/2022
2017,El Dorado,Fee-for-Service,101,,,1/12/2022
2017,El Dorado,Managed Care,292,,,1/12/2022
2017,El Dorado,Total,393,,,1/12/2022
2017,Fresno,Fee-for-Service,1333,,,1/12/2022
2017,Fresno,Managed Care,2362,,,1/12/2022
2017,Fresno,Total,3695,,,1/12/2022
2017,Glenn,Fee-for-Service,18,,,1/12/2022
2017,Glenn,Managed Care,82,,,1/12/2022
2017,Glenn,Total,100,,,1/12/2022
2017,Humboldt,Fee-for-Service,379,,,1/12/2022
2017,Humboldt,Managed Care,661,,,1/12/2022
2017,Humboldt,Total,1040,,,1/12/2022
2017,Imperial,Fee-for-Service,222,,,1/12/2022
2017,Imperial,Managed Care,375,,,1/12/2022
2017,Imperial,Total,597,,,1/12/2022
2017,Inyo,Fee-for-Service,,1,Cell suppressed for small numbers,1/12/2022
2017,Inyo,Managed Care,,2,Cell suppressed for complementary cell,1/12/2022
2017,Inyo,Total,44,,,1/12/2022
2017,Kern,Fee-for-Service,858,,,1/12/2022
2017,Kern,Managed Care,1958,,,1/12/2022
2017,Kern,Total,2816,,,1/12/2022
2017,Kings,Fee-for-Service,44,,,1/12/2022
2017,Kings,Managed Care,170,,,1/12/2022
2017,Kings,Total,214,,,1/12/2022
2017,Lake,Fee-for-Service,55,,,1/12/2022
2017,Lake,Managed Care,266,,,1/12/2022
2017,Lake,Total,321,,,1/12/2022
2017,Lassen,Fee-for-Service,24,,,1/12/2022
2017,Lassen,Managed Care,34,,,1/12/2022
2017,Lassen,Total,58,,,1/12/2022
2017,Los Angeles,Fee-for-Service,19901,,,1/12/2022
2017,Los Angeles,Managed Care,15024,,,1/12/2022
2017,Los Angeles,Total,34925,,,1/12/2022
2017,Madera,Fee-for-Service,176,,,1/12/2022
2017,Madera,Managed Care,201,,,1/12/2022
2017,Madera,Total,377,,,1/12/2022
2017,Marin,Fee-for-Service,416,,,1/12/2022
2017,Marin,Managed Care,288,,,1/12/2022
2017,Marin,Total,704,,,1/12/2022
2017,Mariposa,Fee-for-Service,12,,,1/12/2022
2017,Mariposa,Managed Care,33,,,1/12/2022
2017,Mariposa,Total,45,,,1/12/2022
2017,Mendocino,Fee-for-Service,120,,,1/12/2022
2017,Mendocino,Managed Care,368,,,1/12/2022
2017,Mendocino,Total,488,,,1/12/2022
2017,Merced,Fee-for-Service,162,,,1/12/2022
2017,Merced,Managed Care,1049,,,1/12/2022
2017,Merced,Total,1211,,,1/12/2022
2017,Modoc,Fee-for-Service,,1,Cell suppressed for small numbers,1/12/2022
2017,Modoc,Managed Care,,2,Cell suppressed for complementary cell,1/12/2022
2017,Modoc,Total,18,,,1/12/2022
2017,Mono,Fee-for-Service,,1,Cell suppressed for small numbers,1/12/2022
2017,Mono,Managed Care,,2,Cell suppressed for complementary cell,1/12/2022
2017,Mono,Total,20,,,1/12/2022
2017,Monterey,Fee-for-Service,450,,,1/12/2022
2017,Monterey,Managed Care,990,,,1/12/2022
2017,Monterey,Total,1440,,,1/12/2022
2017,Napa,Fee-for-Service,197,,,1/12/2022
2017,Napa,Managed Care,155,,,1/12/2022
2017,Napa,Total,352,,,1/12/2022
2017,Nevada,Fee-for-Service,103,,,1/12/2022
2017,Nevada,Managed Care,192,,,1/12/2022
2017,Nevada,Total,295,,,1/12/2022
2017,Orange,Fee-for-Service,2926,,,1/12/2022
2017,Orange,Managed Care,3305,,,1/12/2022
2017,Orange,Total,6231,,,1/12/2022
2017,Placer,Fee-for-Service,304,,,1/12/2022
2017,Placer,Managed Care,296,,,1/12/2022
2017,Placer,Total,600,,,1/12/2022
2017,Plumas,Fee-for-Service,,1,Cell suppressed for small numbers,1/12/2022
2017,Plumas,Managed Care,,2,Cell suppressed for complementary cell,1/12/2022
2017,Plumas,Total,87,,,1/12/2022
2017,Riverside,Fee-for-Service,3191,,,1/12/2022
2017,Riverside,Managed Care,2918,,,1/12/2022
2017,Riverside,Total,6109,,,1/12/2022
2017,Sacramento,Fee-for-Service,2342,,,1/12/2022
2017,Sacramento,Managed Care,3744,,,1/12/2022
2017,Sacramento,Total,6086,,,1/12/2022
2017,San Benito,Fee-for-Service,68,,,1/12/2022
2017,San Benito,Managed Care,71,,,1/12/2022
2017,San Benito,Total,139,,,1/12/2022
2017,San Bernardino,Fee-for-Service,3212,,,1/12/2022
2017,San Bernardino,Managed Care,4223,,,1/12/2022
2017,San Bernardino,Total,7435,,,1/12/2022
2017,San Diego,Fee-for-Service,4758,,,1/12/2022
2017,San Diego,Managed Care,4054,,,1/12/2022
2017,San Diego,Total,8812,,,1/12/2022
2017,San Francisco,Fee-for-Service,1474,,,1/12/2022
2017,San Francisco,Managed Care,1119,,,1/12/2022
2017,San Francisco,Total,2593,,,1/12/2022
2017,San Joaquin,Fee-for-Service,889,,,1/12/2022
2017,San Joaquin,Managed Care,4140,,,1/12/2022
2017,San Joaquin,Total,5029,,,1/12/2022
2017,San Luis Obispo,Fee-for-Service,139,,,1/12/2022
2017,San Luis Obispo,Managed Care,12,,,1/12/2022
2017,San Luis Obispo,Total,151,,,1/12/2022
2017,San Mateo,Fee-for-Service,577,,,1/12/2022
2017,San Mateo,Managed Care,929,,,1/12/2022
2017,San Mateo,Total,1506,,,1/12/2022
2017,Santa Barbara,Fee-for-Service,600,,,1/12/2022
2017,Santa Barbara,Managed Care,48,,,1/12/2022
2017,Santa Barbara,Total,648,,,1/12/2022
2017,Santa Clara,Fee-for-Service,1765,,,1/12/2022
2017,Santa Clara,Managed Care,1212,,,1/12/2022
2017,Santa Clara,Total,2977,,,1/12/2022
2017,Santa Cruz,Fee-for-Service,328,,,1/12/2022
2017,Santa Cruz,Managed Care,508,,,1/12/2022
2017,Santa Cruz,Total,836,,,1/12/2022
2017,Shasta,Fee-for-Service,239,,,1/12/2022
2017,Shasta,Managed Care,507,,,1/12/2022
2017,Shasta,Total,746,,,1/12/2022
2017,Sierra,Fee-for-Service,,1,Cell suppressed for small numbers,1/12/2022
2017,Sierra,Managed Care,0,,,1/12/2022
2017,Sierra,Total,,1,Cell suppressed for small numbers,1/12/2022
2017,Siskiyou,Fee-for-Service,16,,,1/12/2022
2017,Siskiyou,Managed Care,86,,,1/12/2022
2017,Siskiyou,Total,102,,,1/12/2022
2017,Solano,Fee-for-Service,974,,,1/12/2022
2017,Solano,Managed Care,1406,,,1/12/2022
2017,Solano,Total,2380,,,1/12/2022
2017,Sonoma,Fee-for-Service,696,,,1/12/2022
2017,Sonoma,Managed Care,839,,,1/12/2022
2017,Sonoma,Total,1535,,,1/12/2022
2017,Stanislaus,Fee-for-Service,792,,,1/12/2022
2017,Stanislaus,Managed Care,1441,,,1/12/2022
2017,Stanislaus,Total,2233,,,1/12/2022
2017,Sutter,Fee-for-Service,141,,,1/12/2022
2017,Sutter,Managed Care,229,,,1/12/2022
2017,Sutter,Total,370,,,1/12/2022
2017,Tehama,Fee-for-Service,55,,,1/12/2022
2017,Tehama,Managed Care,236,,,1/12/2022
2017,Tehama,Total,291,,,1/12/2022
2017,Trinity,Fee-for-Service,,1,Cell suppressed for small numbers,1/12/2022
2017,Trinity,Managed Care,,2,Cell suppressed for complementary cell,1/12/2022
2017,Trinity,Total,43,,,1/12/2022
2017,Tulare,Fee-for-Service,201,,,1/12/2022
2017,Tulare,Managed Care,598,,,1/12/2022
2017,Tulare,Total,799,,,1/12/2022
2017,Tuolumne,Fee-for-Service,17,,,1/12/2022
2017,Tuolumne,Managed Care,167,,,1/12/2022
2017,Tuolumne,Total,184,,,1/12/2022
2017,Unknown,Fee-for-Service,3,,,1/12/2022
2017,Unknown,Managed Care,0,,,1/12/2022
2017,Unknown,Total,3,,,1/12/2022
2017,Ventura,Fee-for-Service,568,,,1/12/2022
2017,Ventura,Managed Care,1000,,,1/12/2022
2017,Ventura,Total,1568,,,1/12/2022
2017,Yolo,Fee-for-Service,125,,,1/12/2022
2017,Yolo,Managed Care,272,,,1/12/2022
2017,Yolo,Total,397,,,1/12/2022
2017,Yuba,Fee-for-Service,74,,,1/12/2022
2017,Yuba,Managed Care,170,,,1/12/2022
2017,Yuba,Total,244,,,1/12/2022
2018,Alameda,Fee-for-Service,1890,,,1/12/2022
2018,Alameda,Managed Care,2682,,,1/12/2022
2018,Alameda,Total,4572,,,1/12/2022
2018,Alpine,Fee-for-Service,,1,Cell suppressed for small numbers,1/12/2022
2018,Alpine,Managed Care,0,,,1/12/2022
2018,Alpine,Total,,1,Cell suppressed for small numbers,1/12/2022
2018,Amador,Fee-for-Service,19,,,1/12/2022
2018,Amador,Managed Care,34,,,1/12/2022
2018,Amador,Total,53,,,1/12/2022
2018,Butte,Fee-for-Service,281,,,1/12/2022
2018,Butte,Managed Care,627,,,1/12/2022
2018,Butte,Total,908,,,1/12/2022
2018,Calaveras,Fee-for-Service,24,,,1/12/2022
2018,Calaveras,Managed Care,66,,,1/12/2022
2018,Calaveras,Total,90,,,1/12/2022
2018,Colusa,Fee-for-Service,24,,,1/12/2022
2018,Colusa,Managed Care,68,,,1/12/2022
2018,Colusa,Total,92,,,1/12/2022
2018,Contra Costa,Fee-for-Service,1431,,,1/12/2022
2018,Contra Costa,Managed Care,1897,,,1/12/2022
2018,Contra Costa,Total,3328,,,1/12/2022
2018,Del Norte,Fee-for-Service,12,,,1/12/2022
2018,Del Norte,Managed Care,43,,,1/12/2022
2018,Del Norte,Total,55,,,1/12/2022
2018,El Dorado,Fee-for-Service,100,,,1/12/2022
2018,El Dorado,Managed Care,241,,,1/12/2022
2018,El Dorado,Total,341,,,1/12/2022
2018,Fresno,Fee-for-Service,973,,,1/12/2022
2018,Fresno,Managed Care,3211,,,1/12/2022
2018,Fresno,Total,4184,,,1/12/2022
2018,Glenn,Fee-for-Service,48,,,1/12/2022
2018,Glenn,Managed Care,79,,,1/12/2022
2018,Glenn,Total,127,,,1/12/2022
2018,Humboldt,Fee-for-Service,222,,,1/12/2022
2018,Humboldt,Managed Care,479,,,1/12/2022
2018,Humboldt,Total,701,,,1/12/2022
2018,Imperial,Fee-for-Service,198,,,1/12/2022
2018,Imperial,Managed Care,376,,,1/12/2022
2018,Imperial,Total,574,,,1/12/2022
2018,Inyo,Fee-for-Service,14,,,1/12/2022
2018,Inyo,Managed Care,21,,,1/12/2022
2018,Inyo,Total,35,,,1/12/2022
2018,Kern,Fee-for-Service,567,,,1/12/2022
2018,Kern,Managed Care,2138,,,1/12/2022
2018,Kern,Total,2705,,,1/12/2022
2018,Kings,Fee-for-Service,88,,,1/12/2022
2018,Kings,Managed Care,247,,,1/12/2022
2018,Kings,Total,335,,,1/12/2022
2018,Lake,Fee-for-Service,51,,,1/12/2022
2018,Lake,Managed Care,151,,,1/12/2022
2018,Lake,Total,202,,,1/12/2022
2018,Lassen,Fee-for-Service,20,,,1/12/2022
2018,Lassen,Managed Care,36,,,1/12/2022
2018,Lassen,Total,56,,,1/12/2022
2018,Los Angeles,Fee-for-Service,16441,,,1/12/2022
2018,Los Angeles,Managed Care,18485,,,1/12/2022
2018,Los Angeles,Total,34926,,,1/12/2022
2018,Madera,Fee-for-Service,174,,,1/12/2022
2018,Madera,Managed Care,375,,,1/12/2022
2018,Madera,Total,549,,,1/12/2022
2018,Marin,Fee-for-Service,215,,,1/12/2022
2018,Marin,Managed Care,222,,,1/12/2022
2018,Marin,Total,437,,,1/12/2022
2018,Mariposa,Fee-for-Service,,1,Cell suppressed for small numbers,1/12/2022
2018,Mariposa,Managed Care,,2,Cell suppressed for complementary cell,1/12/2022
2018,Mariposa,Total,26,,,1/12/2022
2018,Mendocino,Fee-for-Service,99,,,1/12/2022
2018,Mendocino,Managed Care,246,,,1/12/2022
2018,Mendocino,Total,345,,,1/12/2022
2018,Merced,Fee-for-Service,241,,,1/12/2022
2018,Merced,Managed Care,1122,,,1/12/2022
2018,Merced,Total,1363,,,1/12/2022
2018,Modoc,Fee-for-Service,,1,Cell suppressed for small numbers,1/12/2022
2018,Modoc,Managed Care,,1,Cell suppressed for small numbers,1/12/2022
2018,Modoc,Total,,1,Cell suppressed for small numbers,1/12/2022
2018,Mono,Fee-for-Service,11,,,1/12/2022
2018,Mono,Managed Care,13,,,1/12/2022
2018,Mono,Total,24,,,1/12/2022
2018,Monterey,Fee-for-Service,471,,,1/12/2022
2018,Monterey,Managed Care,1021,,,1/12/2022
2018,Monterey,Total,1492,,,1/12/2022
2018,Napa,Fee-for-Service,167,,,1/12/2022
2018,Napa,Managed Care,148,,,1/12/2022
2018,Napa,Total,315,,,1/12/2022
2018,Nevada,Fee-for-Service,83,,,1/12/2022
2018,Nevada,Managed Care,213,,,1/12/2022
2018,Nevada,Total,296,,,1/12/2022
2018,Orange,Fee-for-Service,2968,,,1/12/2022
2018,Orange,Managed Care,3247,,,1/12/2022
2018,Orange,Total,6215,,,1/12/2022
2018,Placer,Fee-for-Service,238,,,1/12/2022
2018,Placer,Managed Care,260,,,1/12/2022
2018,Placer,Total,498,,,1/12/2022
2018,Plumas,Fee-for-Service,21,,,1/12/2022
2018,Plumas,Managed Care,47,,,1/12/2022
2018,Plumas,Total,68,,,1/12/2022
2018,Riverside,Fee-for-Service,2667,,,1/12/2022
2018,Riverside,Managed Care,3399,,,1/12/2022
2018,Riverside,Total,6066,,,1/12/2022
2018,Sacramento,Fee-for-Service,1802,,,1/12/2022
2018,Sacramento,Managed Care,3327,,,1/12/2022
2018,Sacramento,Total,5129,,,1/12/2022
2018,San Benito,Fee-for-Service,92,,,1/12/2022
2018,San Benito,Managed Care,53,,,1/12/2022
2018,San Benito,Total,145,,,1/12/2022
2018,San Bernardino,Fee-for-Service,3076,,,1/12/2022
2018,San Bernardino,Managed Care,4380,,,1/12/2022
2018,San Bernardino,Total,7456,,,1/12/2022
2018,San Diego,Fee-for-Service,4448,,,1/12/2022
2018,San Diego,Managed Care,3902,,,1/12/2022
2018,San Diego,Total,8350,,,1/12/2022
2018,San Francisco,Fee-for-Service,992,,,1/12/2022
2018,San Francisco,Managed Care,1038,,,1/12/2022
2018,San Francisco,Total,2030,,,1/12/2022
2018,San Joaquin,Fee-for-Service,916,,,1/12/2022
2018,San Joaquin,Managed Care,3536,,,1/12/2022
2018,San Joaquin,Total,4452,,,1/12/2022
2018,San Luis Obispo,Fee-for-Service,111,,,1/12/2022
2018,San Luis Obispo,Managed Care,25,,,1/12/2022
2018,San Luis Obispo,Total,136,,,1/12/2022
2018,San Mateo,Fee-for-Service,571,,,1/12/2022
2018,San Mateo,Managed Care,693,,,1/12/2022
2018,San Mateo,Total,1264,,,1/12/2022
2018,Santa Barbara,Fee-for-Service,494,,,1/12/2022
2018,Santa Barbara,Managed Care,31,,,1/12/2022
2018,Santa Barbara,Total,525,,,1/12/2022
2018,Santa Clara,Fee-for-Service,1615,,,1/12/2022
2018,Santa Clara,Managed Care,1230,,,1/12/2022
2018,Santa Clara,Total,2845,,,1/12/2022
2018,Santa Cruz,Fee-for-Service,266,,,1/12/2022
2018,Santa Cruz,Managed Care,591,,,1/12/2022
2018,Santa Cruz,Total,857,,,1/12/2022
2018,Shasta,Fee-for-Service,197,,,1/12/2022
2018,Shasta,Managed Care,487,,,1/12/2022
2018,Shasta,Total,684,,,1/12/2022
2018,Siskiyou,Fee-for-Service,26,,,1/12/2022
2018,Siskiyou,Managed Care,84,,,1/12/2022
2018,Siskiyou,Total,110,,,1/12/2022
2018,Solano,Fee-for-Service,615,,,1/12/2022
2018,Solano,Managed Care,1040,,,1/12/2022
2018,Solano,Total,1655,,,1/12/2022
2018,Sonoma,Fee-for-Service,511,,,1/12/2022
2018,Sonoma,Managed Care,614,,,1/12/2022
2018,Sonoma,Total,1125,,,1/12/2022
2018,Stanislaus,Fee-for-Service,624,,,1/12/2022
2018,Stanislaus,Managed Care,1417,,,1/12/2022
2018,Stanislaus,Total,2041,,,1/12/2022
2018,Sutter,Fee-for-Service,95,,,1/12/2022
2018,Sutter,Managed Care,227,,,1/12/2022
2018,Sutter,Total,322,,,1/12/2022
2018,Tehama,Fee-for-Service,74,,,1/12/2022
2018,Tehama,Managed Care,191,,,1/12/2022
2018,Tehama,Total,265,,,1/12/2022
2018,Trinity,Fee-for-Service,,1,Cell suppressed for small numbers,1/12/2022
2018,Trinity,Managed Care,,2,Cell suppressed for complementary cell,1/12/2022
2018,Trinity,Total,50,,,1/12/2022
2018,Tulare,Fee-for-Service,197,,,1/12/2022
2018,Tulare,Managed Care,592,,,1/12/2022
2018,Tulare,Total,789,,,1/12/2022
2018,Tuolumne,Fee-for-Service,46,,,1/12/2022
2018,Tuolumne,Managed Care,76,,,1/12/2022
2018,Tuolumne,Total,122,,,1/12/2022
2018,Unknown,Fee-for-Service,7,,,1/12/2022
2018,Unknown,Managed Care,0,,,1/12/2022
2018,Unknown,Total,7,,,1/12/2022
2018,Ventura,Fee-for-Service,457,,,1/12/2022
2018,Ventura,Managed Care,896,,,1/12/2022
2018,Ventura,Total,1353,,,1/12/2022
2018,Yolo,Fee-for-Service,120,,,1/12/2022
2018,Yolo,Managed Care,221,,,1/12/2022
2018,Yolo,Total,341,,,1/12/2022
2018,Yuba,Fee-for-Service,57,,,1/12/2022
2018,Yuba,Managed Care,177,,,1/12/2022
2018,Yuba,Total,234,,,1/12/2022
2019,Alameda,Fee-for-Service,1730,,,1/12/2022
2019,Alameda,Managed Care,2591,,,1/12/2022
2019,Alameda,Total,4321,,,1/12/2022
2019,Alpine,Fee-for-Service,,1,Cell suppressed for small numbers,1/12/2022
2019,Alpine,Managed Care,,1,Cell suppressed for small numbers,1/12/2022
2019,Alpine,Total,,1,Cell suppressed for small numbers,1/12/2022
2019,Amador,Fee-for-Service,19,,,1/12/2022
2019,Amador,Managed Care,26,,,1/12/2022
2019,Amador,Total,45,,,1/12/2022
2019,Butte,Fee-for-Service,232,,,1/12/2022
2019,Butte,Managed Care,1073,,,1/12/2022
2019,Butte,Total,1305,,,1/12/2022
2019,Calaveras,Fee-for-Service,30,,,1/12/2022
2019,Calaveras,Managed Care,96,,,1/12/2022
2019,Calaveras,Total,126,,,1/12/2022
2019,Colusa,Fee-for-Service,14,,,1/12/2022
2019,Colusa,Managed Care,51,,,1/12/2022
2019,Colusa,Total,65,,,1/12/2022
2019,Contra Costa,Fee-for-Service,1194,,,1/12/2022
2019,Contra Costa,Managed Care,1353,,,1/12/2022
2019,Contra Costa,Total,2547,,,1/12/2022
2019,Del Norte,Fee-for-Service,18,,,1/12/2022
2019,Del Norte,Managed Care,50,,,1/12/2022
2019,Del Norte,Total,68,,,1/12/2022
2019,El Dorado,Fee-for-Service,104,,,1/12/2022
2019,El Dorado,Managed Care,231,,,1/12/2022
2019,El Dorado,Total,335,,,1/12/2022
2019,Fresno,Fee-for-Service,1049,,,1/12/2022
2019,Fresno,Managed Care,3193,,,1/12/2022
2019,Fresno,Total,4242,,,1/12/2022
2019,Glenn,Fee-for-Service,34,,,1/12/2022
2019,Glenn,Managed Care,117,,,1/12/2022
2019,Glenn,Total,151,,,1/12/2022
2019,Humboldt,Fee-for-Service,246,,,1/12/2022
2019,Humboldt,Managed Care,452,,,1/12/2022
2019,Humboldt,Total,698,,,1/12/2022
2019,Imperial,Fee-for-Service,165,,,1/12/2022
2019,Imperial,Managed Care,412,,,1/12/2022
2019,Imperial,Total,577,,,1/12/2022
2019,Inyo,Fee-for-Service,11,,,1/12/2022
2019,Inyo,Managed Care,18,,,1/12/2022
2019,Inyo,Total,29,,,1/12/2022
2019,Kern,Fee-for-Service,722,,,1/12/2022
2019,Kern,Managed Care,2558,,,1/12/2022
2019,Kern,Total,3280,,,1/12/2022
2019,Kings,Fee-for-Service,93,,,1/12/2022
2019,Kings,Managed Care,235,,,1/12/2022
2019,Kings,Total,328,,,1/12/2022
2019,Lake,Fee-for-Service,51,,,1/12/2022
2019,Lake,Managed Care,188,,,1/12/2022
2019,Lake,Total,239,,,1/12/2022
2019,Lassen,Fee-for-Service,47,,,1/12/2022
2019,Lassen,Managed Care,29,,,1/12/2022
2019,Lassen,Total,76,,,1/12/2022
2019,Los Angeles,Fee-for-Service,17523,,,1/12/2022
2019,Los Angeles,Managed Care,15320,,,1/12/2022
2019,Los Angeles,Total,32843,,,1/12/2022
2019,Madera,Fee-for-Service,162,,,1/12/2022
2019,Madera,Managed Care,448,,,1/12/2022
2019,Madera,Total,610,,,1/12/2022
2019,Marin,Fee-for-Service,177,,,1/12/2022
2019,Marin,Managed Care,195,,,1/12/2022
2019,Marin,Total,372,,,1/12/2022
2019,Mariposa,Fee-for-Service,14,,,1/12/2022
2019,Mariposa,Managed Care,24,,,1/12/2022
2019,Mariposa,Total,38,,,1/12/2022
2019,Mendocino,Fee-for-Service,96,,,1/12/2022
2019,Mendocino,Managed Care,255,,,1/12/2022
2019,Mendocino,Total,351,,,1/12/2022
2019,Merced,Fee-for-Service,242,,,1/12/2022
2019,Merced,Managed Care,922,,,1/12/2022
2019,Merced,Total,1164,,,1/12/2022
2019,Modoc,Fee-for-Service,,1,Cell suppressed for small numbers,1/12/2022
2019,Modoc,Managed Care,,1,Cell suppressed for small numbers,1/12/2022
2019,Modoc,Total,15,,,1/12/2022
2019,Mono,Fee-for-Service,,1,Cell suppressed for small numbers,1/12/2022
2019,Mono,Managed Care,,2,Cell suppressed for complementary cell,1/12/2022
2019,Mono,Total,23,,,1/12/2022
2019,Monterey,Fee-for-Service,476,,,1/12/2022
2019,Monterey,Managed Care,993,,,1/12/2022
2019,Monterey,Total,1469,,,1/12/2022
2019,Napa,Fee-for-Service,138,,,1/12/2022
2019,Napa,Managed Care,108,,,1/12/2022
2019,Napa,Total,246,,,1/12/2022
2019,Nevada,Fee-for-Service,102,,,1/12/2022
2019,Nevada,Managed Care,245,,,1/12/2022
2019,Nevada,Total,347,,,1/12/2022
2019,Orange,Fee-for-Service,3069,,,1/12/2022
2019,Orange,Managed Care,3152,,,1/12/2022
2019,Orange,Total,6221,,,1/12/2022
2019,Placer,Fee-for-Service,249,,,1/12/2022
2019,Placer,Managed Care,200,,,1/12/2022
2019,Placer,Total,449,,,1/12/2022
2019,Plumas,Fee-for-Service,19,,,1/12/2022
2019,Plumas,Managed Care,55,,,1/12/2022
2019,Plumas,Total,74,,,1/12/2022
2019,Riverside,Fee-for-Service,2661,,,1/12/2022
2019,Riverside,Managed Care,3405,,,1/12/2022
2019,Riverside,Total,6066,,,1/12/2022
2019,Sacramento,Fee-for-Service,1685,,,1/12/2022
2019,Sacramento,Managed Care,1949,,,1/12/2022
2019,Sacramento,Total,3634,,,1/12/2022
2019,San Benito,Fee-for-Service,77,,,1/12/2022
2019,San Benito,Managed Care,31,,,1/12/2022
2019,San Benito,Total,108,,,1/12/2022
2019,San Bernardino,Fee-for-Service,2938,,,1/12/2022
2019,San Bernardino,Managed Care,4669,,,1/12/2022
2019,San Bernardino,Total,7607,,,1/12/2022
2019,San Diego,Fee-for-Service,3892,,,1/12/2022
2019,San Diego,Managed Care,3431,,,1/12/2022
2019,San Diego,Total,7323,,,1/12/2022
2019,San Francisco,Fee-for-Service,922,,,1/12/2022
2019,San Francisco,Managed Care,868,,,1/12/2022
2019,San Francisco,Total,1790,,,1/12/2022
2019,San Joaquin,Fee-for-Service,924,,,1/12/2022
2019,San Joaquin,Managed Care,2855,,,1/12/2022
2019,San Joaquin,Total,3779,,,1/12/2022
2019,San Luis Obispo,Fee-for-Service,146,,,1/12/2022
2019,San Luis Obispo,Managed Care,37,,,1/12/2022
2019,San Luis Obispo,Total,183,,,1/12/2022
2019,San Mateo,Fee-for-Service,568,,,1/12/2022
2019,San Mateo,Managed Care,699,,,1/12/2022
2019,San Mateo,Total,1267,,,1/12/2022
2019,Santa Barbara,Fee-for-Service,345,,,1/12/2022
2019,Santa Barbara,Managed Care,50,,,1/12/2022
2019,Santa Barbara,Total,395,,,1/12/2022
2019,Santa Clara,Fee-for-Service,1413,,,1/12/2022
2019,Santa Clara,Managed Care,1484,,,1/12/2022
2019,Santa Clara,Total,2897,,,1/12/2022
2019,Santa Cruz,Fee-for-Service,251,,,1/12/2022
2019,Santa Cruz,Managed Care,500,,,1/12/2022
2019,Santa Cruz,Total,751,,,1/12/2022
2019,Shasta,Fee-for-Service,154,,,1/12/2022
2019,Shasta,Managed Care,562,,,1/12/2022
2019,Shasta,Total,716,,,1/12/2022
2019,Siskiyou,Fee-for-Service,14,,,1/12/2022
2019,Siskiyou,Managed Care,73,,,1/12/2022
2019,Siskiyou,Total,87,,,1/12/2022
2019,Solano,Fee-for-Service,584,,,1/12/2022
2019,Solano,Managed Care,893,,,1/12/2022
2019,Solano,Total,1477,,,1/12/2022
2019,Sonoma,Fee-for-Service,429,,,1/12/2022
2019,Sonoma,Managed Care,505,,,1/12/2022
2019,Sonoma,Total,934,,,1/12/2022
2019,Stanislaus,Fee-for-Service,517,,,1/12/2022
2019,Stanislaus,Managed Care,1622,,,1/12/2022
2019,Stanislaus,Total,2139,,,1/12/2022
2019,Sutter,Fee-for-Service,101,,,1/12/2022
2019,Sutter,Managed Care,204,,,1/12/2022
2019,Sutter,Total,305,,,1/12/2022
2019,Tehama,Fee-for-Service,73,,,1/12/2022
2019,Tehama,Managed Care,246,,,1/12/2022
2019,Tehama,Total,319,,,1/12/2022
2019,Trinity,Fee-for-Service,20,,,1/12/2022
2019,Trinity,Managed Care,37,,,1/12/2022
2019,Trinity,Total,57,,,1/12/2022
2019,Tulare,Fee-for-Service,251,,,1/12/2022
2019,Tulare,Managed Care,742,,,1/12/2022
2019,Tulare,Total,993,,,1/12/2022
2019,Tuolumne,Fee-for-Service,28,,,1/12/2022
2019,Tuolumne,Managed Care,66,,,1/12/2022
2019,Tuolumne,Total,94,,,1/12/2022
2019,Unknown,Fee-for-Service,4,,,1/12/2022
2019,Unknown,Managed Care,0,,,1/12/2022
2019,Unknown,Total,4,,,1/12/2022
2019,Ventura,Fee-for-Service,496,,,1/12/2022
2019,Ventura,Managed Care,761,,,1/12/2022
2019,Ventura,Total,1257,,,1/12/2022
2019,Yolo,Fee-for-Service,126,,,1/12/2022
2019,Yolo,Managed Care,283,,,1/12/2022
2019,Yolo,Total,409,,,1/12/2022
2019,Yuba,Fee-for-Service,70,,,1/12/2022
2019,Yuba,Managed Care,172,,,1/12/2022
2019,Yuba,Total,242,,,1/12/2022
2020,Alameda,Fee-for-Service,1623,,,1/12/2022
2020,Alameda,Managed Care,2368,,,1/12/2022
2020,Alameda,Total,3991,,,1/12/2022
2020,Alpine,Fee-for-Service,,1,Cell suppressed for small numbers,1/12/2022
2020,Alpine,Managed Care,0,,,1/12/2022
2020,Alpine,Total,,1,Cell suppressed for small numbers,1/12/2022
2020,Amador,Fee-for-Service,19,,,1/12/2022
2020,Amador,Managed Care,37,,,1/12/2022
2020,Amador,Total,56,,,1/12/2022
2020,Butte,Fee-for-Service,221,,,1/12/2022
2020,Butte,Managed Care,782,,,1/12/2022
2020,Butte,Total,1003,,,1/12/2022
2020,Calaveras,Fee-for-Service,21,,,1/12/2022
2020,Calaveras,Managed Care,67,,,1/12/2022
2020,Calaveras,Total,88,,,1/12/2022
2020,Colusa,Fee-for-Service,18,,,1/12/2022
2020,Colusa,Managed Care,32,,,1/12/2022
2020,Colusa,Total,50,,,1/12/2022
2020,Contra Costa,Fee-for-Service,1206,,,1/12/2022
2020,Contra Costa,Managed Care,1125,,,1/12/2022
2020,Contra Costa,Total,2331,,,1/12/2022
2020,Del Norte,Fee-for-Service,16,,,1/12/2022
2020,Del Norte,Managed Care,35,,,1/12/2022
2020,Del Norte,Total,51,,,1/12/2022
2020,El Dorado,Fee-for-Service,81,,,1/12/2022
2020,El Dorado,Managed Care,159,,,1/12/2022
2020,El Dorado,Total,240,,,1/12/2022
2020,Fresno,Fee-for-Service,948,,,1/12/2022
2020,Fresno,Managed Care,2894,,,1/12/2022
2020,Fresno,Total,3842,,,1/12/2022
2020,Glenn,Fee-for-Service,22,,,1/12/2022
2020,Glenn,Managed Care,141,,,1/12/2022
2020,Glenn,Total,163,,,1/12/2022
2020,Humboldt,Fee-for-Service,173,,,1/12/2022
2020,Humboldt,Managed Care,402,,,1/12/2022
2020,Humboldt,Total,575,,,1/12/2022
2020,Imperial,Fee-for-Service,177,,,1/12/2022
2020,Imperial,Managed Care,330,,,1/12/2022
2020,Imperial,Total,507,,,1/12/2022
2020,Inyo,Fee-for-Service,,1,Cell suppressed for small numbers,1/12/2022
2020,Inyo,Managed Care,,1,Cell suppressed for small numbers,1/12/2022
2020,Inyo,Total,,1,Cell suppressed for small numbers,1/12/2022
2020,Kern,Fee-for-Service,654,,,1/12/2022
2020,Kern,Managed Care,2753,,,1/12/2022
2020,Kern,Total,3407,,,1/12/2022
2020,Kings,Fee-for-Service,109,,,1/12/2022
2020,Kings,Managed Care,207,,,1/12/2022
2020,Kings,Total,316,,,1/12/2022
2020,Lake,Fee-for-Service,47,,,1/12/2022
2020,Lake,Managed Care,152,,,1/12/2022
2020,Lake,Total,199,,,1/12/2022
2020,Lassen,Fee-for-Service,31,,,1/12/2022
2020,Lassen,Managed Care,23,,,1/12/2022
2020,Lassen,Total,54,,,1/12/2022
2020,Los Angeles,Fee-for-Service,13836,,,1/12/2022
2020,Los Angeles,Managed Care,17330,,,1/12/2022
2020,Los Angeles,Total,31166,,,1/12/2022
2020,Madera,Fee-for-Service,153,,,1/12/2022
2020,Madera,Managed Care,337,,,1/12/2022
2020,Madera,Total,490,,,1/12/2022
2020,Marin,Fee-for-Service,138,,,1/12/2022
2020,Marin,Managed Care,216,,,1/12/2022
2020,Marin,Total,354,,,1/12/2022
2020,Mariposa,Fee-for-Service,16,,,1/12/2022
2020,Mariposa,Managed Care,18,,,1/12/2022
2020,Mariposa,Total,34,,,1/12/2022
2020,Mendocino,Fee-for-Service,86,,,1/12/2022
2020,Mendocino,Managed Care,204,,,1/12/2022
2020,Mendocino,Total,290,,,1/12/2022
2020,Merced,Fee-for-Service,285,,,1/12/2022
2020,Merced,Managed Care,1058,,,1/12/2022
2020,Merced,Total,1343,,,1/12/2022
2020,Modoc,Fee-for-Service,0,,,1/12/2022
2020,Modoc,Managed Care,,1,Cell suppressed for small numbers,1/12/2022
2020,Modoc,Total,,1,Cell suppressed for small numbers,1/12/2022
2020,Mono,Fee-for-Service,,1,Cell suppressed for small numbers,1/12/2022
2020,Mono,Managed Care,,2,Cell suppressed for complementary cell,1/12/2022
2020,Mono,Total,17,,,1/12/2022
2020,Monterey,Fee-for-Service,422,,,1/12/2022
2020,Monterey,Managed Care,1127,,,1/12/2022
2020,Monterey,Total,1549,,,1/12/2022
2020,Napa,Fee-for-Service,124,,,1/12/2022
2020,Napa,Managed Care,98,,,1/12/2022
2020,Napa,Total,222,,,1/12/2022
2020,Nevada,Fee-for-Service,113,,,1/12/2022
2020,Nevada,Managed Care,166,,,1/12/2022
2020,Nevada,Total,279,,,1/12/2022
2020,Orange,Fee-for-Service,2675,,,1/12/2022
2020,Orange,Managed Care,2929,,,1/12/2022
2020,Orange,Total,5604,,,1/12/2022
2020,Placer,Fee-for-Service,222,,,1/12/2022
2020,Placer,Managed Care,149,,,1/12/2022
2020,Placer,Total,371,,,1/12/2022
2020,Plumas,Fee-for-Service,,1,Cell suppressed for small numbers,1/12/2022
2020,Plumas,Managed Care,,2,Cell suppressed for complementary cell,1/12/2022
2020,Plumas,Total,49,,,1/12/2022
2020,Riverside,Fee-for-Service,2297,,,1/12/2022
2020,Riverside,Managed Care,3568,,,1/12/2022
2020,Riverside,Total,5865,,,1/12/2022
2020,Sacramento,Fee-for-Service,1647,,,1/12/2022
2020,Sacramento,Managed Care,2203,,,1/12/2022
2020,Sacramento,Total,3850,,,1/12/2022
2020,San Benito,Fee-for-Service,90,,,1/12/2022
2020,San Benito,Managed Care,25,,,1/12/2022
2020,San Benito,Total,115,,,1/12/2022
2020,San Bernardino,Fee-for-Service,2732,,,1/12/2022
2020,San Bernardino,Managed Care,4822,,,1/12/2022
2020,San Bernardino,Total,7554,,,1/12/2022
2020,San Diego,Fee-for-Service,3707,,,1/12/2022
2020,San Diego,Managed Care,2313,,,1/12/2022
2020,San Diego,Total,6020,,,1/12/2022
2020,San Francisco,Fee-for-Service,670,,,1/12/2022
2020,San Francisco,Managed Care,789,,,1/12/2022
2020,San Francisco,Total,1459,,,1/12/2022
2020,San Joaquin,Fee-for-Service,847,,,1/12/2022
2020,San Joaquin,Managed Care,3219,,,1/12/2022
2020,San Joaquin,Total,4066,,,1/12/2022
2020,San Luis Obispo,Fee-for-Service,99,,,1/12/2022
2020,San Luis Obispo,Managed Care,36,,,1/12/2022
2020,San Luis Obispo,Total,135,,,1/12/2022
2020,San Mateo,Fee-for-Service,515,,,1/12/2022
2020,San Mateo,Managed Care,643,,,1/12/2022
2020,San Mateo,Total,1158,,,1/12/2022
2020,Santa Barbara,Fee-for-Service,303,,,1/12/2022
2020,Santa Barbara,Managed Care,75,,,1/12/2022
2020,Santa Barbara,Total,378,,,1/12/2022
2020,Santa Clara,Fee-for-Service,1224,,,1/12/2022
2020,Santa Clara,Managed Care,1413,,,1/12/2022
2020,Santa Clara,Total,2637,,,1/12/2022
2020,Santa Cruz,Fee-for-Service,201,,,1/12/2022
2020,Santa Cruz,Managed Care,480,,,1/12/2022
2020,Santa Cruz,Total,681,,,1/12/2022
2020,Shasta,Fee-for-Service,161,,,1/12/2022
2020,Shasta,Managed Care,518,,,1/12/2022
2020,Shasta,Total,679,,,1/12/2022
2020,Sierra,Fee-for-Service,,1,Cell suppressed for small numbers,1/12/2022
2020,Sierra,Managed Care,,1,Cell suppressed for small numbers,1/12/2022
2020,Sierra,Total,,1,Cell suppressed for small numbers,1/12/2022
2020,Siskiyou,Fee-for-Service,11,,,1/12/2022
2020,Siskiyou,Managed Care,73,,,1/12/2022
2020,Siskiyou,Total,84,,,1/12/2022
2020,Solano,Fee-for-Service,512,,,1/12/2022
2020,Solano,Managed Care,888,,,1/12/2022
2020,Solano,Total,1400,,,1/12/2022
2020,Sonoma,Fee-for-Service,325,,,1/12/2022
2020,Sonoma,Managed Care,445,,,1/12/2022
2020,Sonoma,Total,770,,,1/12/2022
2020,Stanislaus,Fee-for-Service,495,,,1/12/2022
2020,Stanislaus,Managed Care,1475,,,1/12/2022
2020,Stanislaus,Total,1970,,,1/12/2022
2020,Sutter,Fee-for-Service,91,,,1/12/2022
2020,Sutter,Managed Care,137,,,1/12/2022
2020,Sutter,Total,228,,,1/12/2022
2020,Tehama,Fee-for-Service,48,,,1/12/2022
2020,Tehama,Managed Care,203,,,1/12/2022
2020,Tehama,Total,251,,,1/12/2022
2020,Trinity,Fee-for-Service,20,,,1/12/2022
2020,Trinity,Managed Care,33,,,1/12/2022
2020,Trinity,Total,53,,,1/12/2022
2020,Tulare,Fee-for-Service,225,,,1/12/2022
2020,Tulare,Managed Care,715,,,1/12/2022
2020,Tulare,Total,940,,,1/12/2022
2020,Tuolumne,Fee-for-Service,44,,,1/12/2022
2020,Tuolumne,Managed Care,56,,,1/12/2022
2020,Tuolumne,Total,100,,,1/12/2022
2020,Unknown,Fee-for-Service,2,,,1/12/2022
2020,Unknown,Managed Care,0,,,1/12/2022
2020,Unknown,Total,2,,,1/12/2022
2020,Ventura,Fee-for-Service,400,,,1/12/2022
2020,Ventura,Managed Care,784,,,1/12/2022
2020,Ventura,Total,1184,,,1/12/2022
2020,Yolo,Fee-for-Service,99,,,1/12/2022
2020,Yolo,Managed Care,211,,,1/12/2022
2020,Yolo,Total,310,,,1/12/2022
2020,Yuba,Fee-for-Service,66,,,1/12/2022
2020,Yuba,Managed Care,121,,,1/12/2022
2020,Yuba,Total,187,,,1/12/2022
2014,Statewide,Total,137490,,,
2015,Statewide,Total,138171,,,
2016,Statewide,Total,125193,,,
2017,Statewide,Total,122179,,,
2018,Statewide,Total,113275,,,
2019,Statewide,Total,107495,,,
2020,Statewide,Total,100741,,,
